epoch,train_loss,train_acc,val_loss,val_acc,waktu_s
1,0.9873238290328324,0.5901287553648069,1.4839446091953712,0.189873417721519,4.233879089355469
2,0.5497045612897996,0.8025751072961373,1.7552258017696911,0.189873417721519,8.728861331939697
3,0.3491937988177901,0.9034334763948498,1.6386717588086672,0.22784810126582278,12.627622127532959
4,0.24954353349659064,0.9420600858369099,0.8200912279418752,0.6962025316455697,16.660626888275146
5,0.24982213040278192,0.927038626609442,0.15389670035507105,0.9620253164556962,21.39693331718445
6,0.21351145316602846,0.944206008583691,0.2476180391975596,0.8860759493670886,25.397019624710083
7,0.1798717567593243,0.9613733905579399,0.18639579000352305,0.9493670886075949,29.458550453186035
8,0.17547622860245438,0.9463519313304721,0.1311261697283274,0.9367088607594937,34.416889905929565
9,0.09941036476405905,0.9742489270386266,0.1452038759672189,0.9620253164556962,38.25145602226257
10,0.1526347432013745,0.9613733905579399,0.16227169051955018,0.9620253164556962,42.09773778915405
