nama_file,split,kelas,jumlah_kotak,tanggal,kondisi_cahaya,sesi
1530_jpg.rf.4ed73f20b826b4117fabba13b3dca6f2.jpg,train,backboard;ball;rim,3,,,
1531_jpg.rf.0c98cdfeee490a4a68279e6ad1033e0e.jpg,train,backboard;ball;rim,3,,,
1534_jpg.rf.b572d027739b4bb0f7462f6c840e0239.jpg,train,backboard;ball;rim,3,,,
1535_jpg.rf.1a5c356f3a4dfd7486738d1d2672e559.jpg,train,backboard;ball,2,,,
1537_jpg.rf.cd625d9cbccac081c5a483bf89a731d7.jpg,train,backboard;ball;rim,3,,,
1538_jpg.rf.d04b4152207d38b11dcfc3fdc3a68317.jpg,train,backboard;ball;rim,3,,,
1539_jpg.rf.ae851e92d37d71c0917647286cf75aaf.jpg,train,backboard;ball;rim,3,,,
1541_jpg.rf.245ff4518d60754667f92d7c0ee352e7.jpg,train,backboard;ball;rim,3,,,
1542_jpg.rf.6dab887719225c6eeb8f827d0cf32f2c.jpg,train,ball;rim,2,,,
1543_jpg.rf.60e5c4cc91367734857fe633355747ed.jpg,train,ball,1,,,
1545_jpg.rf.686681611ac8f2420ad4ab9cfd0e5d71.jpg,train,backboard;ball;rim,3,,,
1546_jpg.rf.d6f38870c07082df757f28edc18ad780.jpg,train,backboard;ball;rim,3,,,
1547_jpg.rf.3c32636db477b3983918a526d0df1740.jpg,train,backboard;ball;rim,3,,,
1548_jpg.rf.ff860453c85d76048bb16488d0087dbf.jpg,train,backboard;ball;rim,3,,,
1549_jpg.rf.e26da6cf40016fe89bc2bc7fa0048fec.jpg,train,ball;rim,2,,,
1550_jpg.rf.cb42bc1c9a6142823404154f6eaadf2e.jpg,train,rim,1,,,
1551_jpg.rf.e4958d48bf84d2bf8564aa63cc5ffdd6.jpg,train,ball,1,,,
1552_jpg.rf.a6f4b5915719f2f79416fc27f44e5a83.jpg,train,rim,2,,,
1553_jpg.rf.67ea0b92d9694c22c98c171ce05d2e32.jpg,train,backboard;ball;rim,3,,,
1554_jpg.rf.eb38b3ac2341fa38f39d3e5c7baed4e5.jpg,train,backboard;ball;rim,3,,,
1555_jpg.rf.2f2abe409dfa4cd0ba5fa706a7d9c8c4.jpg,train,backboard;ball;rim,3,,,
1556_jpg.rf.ebf5300732cf9589f3d2e7d403ec45ac.jpg,train,ball,1,,,
1558_jpg.rf.7015305d51da00f2528a5cd64573170c.jpg,train,backboard;ball;rim,3,,,
1559_jpg.rf.8273573351ef7b644e3a0d819d27a8f6.jpg,train,ball;rim,2,,,
1560_jpg.rf.23e5d4049b2ab8c32b41f53c12fe595d.jpg,train,ball,1,,,
1561_jpg.rf.460c971921f7b8f27fa4543bfaf2ecf0.jpg,train,ball,1,,,
1562_jpg.rf.fcd71b54bd2e03528cc9e6f1b758e81b.jpg,train,ball,1,,,
1563_jpg.rf.e15af127aaf9300a00863cab548adff6.jpg,train,backboard;ball;rim,3,,,
1564_jpg.rf.87c14888d99729cf4cf4847a0efb491c.jpg,train,backboard;ball;rim,3,,,
1565_jpg.rf.82aa62e92d8a62ca01bafe69c3bcf105.jpg,train,backboard;ball;rim,3,,,
1566_jpg.rf.4763fa15363fcfbeb5e42f3310cedc35.jpg,train,backboard;ball;rim,3,,,
1567_jpg.rf.5e4038c024cf026227539adb81742e03.jpg,train,backboard;ball;rim,3,,,
1568_jpg.rf.544a4a4039919cc20c888e31521deac5.jpg,train,ball,1,,,
1569_jpg.rf.db21695290de5770d13b333f34f5611a.jpg,train,backboard;ball;rim,3,,,
1570_jpg.rf.ed2ee3114936054304a84fc93de6b898.jpg,train,backboard;ball;rim,3,,,
1571_jpg.rf.87bd46915098ef00cbd216f038880d21.jpg,train,backboard;ball;rim,3,,,
1572_jpg.rf.34867720112c7d41f28fd829aba38a0e.jpg,train,backboard;ball;rim,3,,,
1573_jpg.rf.a2cf369a113c5e7b5382d3c042d09dd8.jpg,train,backboard;ball;rim,3,,,
1574_jpg.rf.bcd12b782382bd630d92f34257e1cd5b.jpg,train,backboard;ball;rim,3,,,
1575_jpg.rf.7bceafba6d38b8c2f8c77e04c5a6eec3.jpg,train,backboard;ball;rim,3,,,
1576_jpg.rf.a16390a0f1ccc7ac71d68e7530d041fe.jpg,train,backboard;ball;rim,3,,,
1577_jpg.rf.f5a449823b1e1096296a8fcbc1cb0053.jpg,train,backboard;ball;rim,3,,,
1579_jpg.rf.767508d9af3098bfe992c561460d7e77.jpg,train,backboard;ball;rim,3,,,
1580_jpg.rf.ed014dcbadc7c1e76b87e281d02d3aee.jpg,train,backboard;ball;rim,3,,,
1581_jpg.rf.774719ad24a01cb5831c4bcc89a4b896.jpg,train,backboard;ball;rim,3,,,
1582_jpg.rf.7e271141d924e3c44561c00cfe6c1177.jpg,train,backboard;ball;rim,3,,,
1583_jpg.rf.275be7391bfeaaad75fd79f8039feec3.jpg,train,backboard;ball;rim,3,,,
1584_jpg.rf.dd7efa5876dc2df662d5851717644726.jpg,train,backboard;ball;rim,3,,,
1585_jpg.rf.17253967304344b2724634210240b85a.jpg,train,backboard;ball;rim,3,,,
1586_jpg.rf.8149b19e5ee27f6bd0f068014f8ae051.jpg,train,backboard;ball;rim,3,,,
1587_jpg.rf.a2e29a1ee1f781bcf6d8c2c6671e84c2.jpg,train,backboard;ball;rim,3,,,
1588_jpg.rf.64bee57b2400bf98b1fdac1cfcae12c2.jpg,train,backboard;ball;rim,3,,,
1589_jpg.rf.f24775fd5216786f42cf5c61cea8efa5.jpg,train,backboard;ball;rim,3,,,
1590_jpg.rf.b1e5d9165518435071e3f433a68403cd.jpg,train,backboard;ball;rim,3,,,
1591_jpg.rf.5c5107408016e923f4a396a0a5abecb1.jpg,train,backboard;ball;rim,3,,,
1592_jpg.rf.621ff1c924bd9c5aaec7965496f9e76e.jpg,train,backboard;ball;rim,3,,,
1593_jpg.rf.1268af5d5bcc2e111b63a506104408ee.jpg,train,backboard;ball;rim,3,,,
1594_jpg.rf.036b4fd2da5d768c2bd1d82b191a7d71.jpg,train,backboard;ball;rim,3,,,
1595_jpg.rf.d552c0ad23267f5b72fc976026c3f6b4.jpg,train,backboard;ball;rim,3,,,
1596_jpg.rf.f6d62443f528c7365dbe3ae4810c7b1e.jpg,train,backboard;ball;rim,3,,,
1597_jpg.rf.4a5539b7373190f90c8bd5488f05dc08.jpg,train,backboard;ball;rim,3,,,
1598_jpg.rf.450d139812ee2dc3408324095a79e632.jpg,train,backboard;ball;rim,3,,,
1599_jpg.rf.d2c4f5e2421ffb62adce5ed9732a2365.jpg,train,backboard;ball;rim,3,,,
1600_jpg.rf.dedafc554218632dc088d012ef51c561.jpg,train,backboard;ball;rim,3,,,
1601_jpg.rf.1f9c7c0c67ef04f650f3099b12a4a3b7.jpg,train,backboard;ball;rim,3,,,
1603_jpg.rf.50ddd6f0331be85bdebb413c30e06f11.jpg,train,backboard;ball;rim,3,,,
1604_jpg.rf.dbc274ada364718e0c4eace93d638c8b.jpg,train,backboard;rim,2,,,
1605_jpg.rf.01609b7719a89ae83d9dd16d57aef4d4.jpg,train,backboard;rim,2,,,
1606_jpg.rf.4dc40aec58ac6d76bc3df99ccecd6ecb.jpg,train,backboard;rim,2,,,
1607_jpg.rf.733fc5473759ccbb0070129adcb73bf2.jpg,train,backboard;rim,2,,,
1608_jpg.rf.6a5e8d2157294a84e4406017de43c37c.jpg,train,backboard;rim,2,,,
1610_jpg.rf.cb28dc0330a2df356e0e299434e93a14.jpg,train,backboard;rim,2,,,
1611_jpg.rf.3698b4ab4d50b38c2c526a6b145d3631.jpg,train,backboard;ball;rim,3,,,
1614_jpg.rf.17466f664c084aabecefe5cf9b10baee.jpg,train,backboard;ball;rim,3,,,
1615_jpg.rf.04ab7e4bc21874bf654c6aa8e278f852.jpg,train,backboard;ball;rim,3,,,
1616_jpg.rf.6ae8dfdd289c910a2bb2e38e2177f920.jpg,train,backboard;ball;rim,3,,,
1618_jpg.rf.397e1992e63f09ec31375bd9465374c9.jpg,train,backboard;ball;rim,3,,,
1620_jpg.rf.64785f0b3ff457edaa6a8d489ec733f8.jpg,train,backboard;ball;rim,3,,,
1621_jpg.rf.074b50c72f0cb5d3d38f76eb0b1f8afd.jpg,train,backboard;ball;rim,3,,,
1622_jpg.rf.def53ac21334ac88e60c58a7529ee4bf.jpg,train,backboard;ball;rim,3,,,
1623_jpg.rf.e8e85d56a1e93f01a7490329d64cfc25.jpg,train,backboard;ball;rim,3,,,
1625_jpg.rf.96d0dff4a067173587bbb2b6aaf4c887.jpg,train,backboard;ball;rim,3,,,
1626_jpg.rf.b4e5593a6fa84754052c83f431b701eb.jpg,train,backboard;ball;rim,3,,,
1627_jpg.rf.e722547c91f2e844a714150da6e92e66.jpg,train,backboard;ball;rim,3,,,
1628_jpg.rf.4c08367a0919b6747d883bb5b4ccab81.jpg,train,backboard;ball;rim,3,,,
1629_jpg.rf.10481777cad8f818db7d5a1d841f8036.jpg,train,backboard;ball;rim,3,,,
1630_jpg.rf.048cc1b3413e71e76a3e0cb60e58751f.jpg,train,backboard;ball;rim,3,,,
1631_jpg.rf.2eb137fd678f89fe01d7b1d82d85e0cd.jpg,train,backboard;ball;rim,3,,,
1632_jpg.rf.ad7d715b9f7e69a575046264f8b45a88.jpg,train,backboard;ball;rim,3,,,
1634_jpg.rf.52d402d5c945a2560d350b69258b6583.jpg,train,backboard;ball;rim,3,,,
1635_jpg.rf.49a9bf493e8c3a25926dc02143125d6b.jpg,train,backboard;ball;rim,3,,,
1636_jpg.rf.dd7c78e2581075ac2c28a51bfae09de2.jpg,train,backboard;ball;rim,3,,,
1637_jpg.rf.fc179ebb706dd5d9273d37a06258fa28.jpg,train,backboard;ball;rim,3,,,
1638_jpg.rf.ae0dc0099e27a8ccc34c08dd592b03e0.jpg,train,backboard;ball;rim,3,,,
1639_jpg.rf.366df5ed85d43a80a59d9b474321de02.jpg,train,backboard;ball;rim,3,,,
1640_jpg.rf.65ea2b660515a7151499e6f3d2d3a0a2.jpg,train,backboard;ball;rim,3,,,
1641_jpg.rf.563706d624f21a150a414ca4a30990c0.jpg,train,backboard;ball;rim,3,,,
1642_jpg.rf.f36c12e0f3abf1d658567cb89a059cef.jpg,train,backboard;ball;rim,3,,,
1643_jpg.rf.51bf6dc6c410790b3b506d5368cf2c69.jpg,train,backboard;ball;rim,3,,,
1644_jpg.rf.fefb6c264ba5612598ff40440acb1f26.jpg,train,backboard;ball;rim,3,,,
1645_jpg.rf.4cc551e8001b814d769aabd6195bdd81.jpg,train,backboard;ball;rim,3,,,
1646_jpg.rf.245870b163e26b5750ebde27b9de2c5b.jpg,train,backboard;ball;rim,3,,,
1647_jpg.rf.77d3055889db2d8c8745b405e1165e5d.jpg,train,backboard;ball;rim,3,,,
1648_jpg.rf.0d34381b3b66312a8a7579a0551e9a8d.jpg,train,backboard;ball;rim,3,,,
1649_jpg.rf.5f2c599265c7bc20b673f90bc305edfa.jpg,train,backboard;ball;rim,3,,,
1650_jpg.rf.044c981cfdc5a77cf46e8484d21da638.jpg,train,backboard;ball;rim,3,,,
1651_jpg.rf.7896cf48bae83d173df0374f23407db6.jpg,train,backboard;ball;rim,3,,,
1652_jpg.rf.855cdf03cea69509c220c57aa6e8f86a.jpg,train,backboard;ball;rim,3,,,
1653_jpg.rf.866d858056ce4a2cc820b0511d5bc95d.jpg,train,backboard;ball;rim,3,,,
1654_jpg.rf.834a27143ca3cd1cdf1c641461ea8c52.jpg,train,backboard;ball;rim,3,,,
1655_jpg.rf.9d2b57039f14313e3c40fef076283d31.jpg,train,backboard;ball;rim,3,,,
1656_jpg.rf.73985629f0152d3ca3ae85bfe70a132d.jpg,train,backboard;ball;rim,3,,,
1657_jpg.rf.a1c6f5542f2c1e95831cb4fba973a146.jpg,train,backboard;ball;rim,3,,,
1658_jpg.rf.b0534b3216d434aa9ec89befb2259ed2.jpg,train,backboard;ball;rim,3,,,
1659_jpg.rf.f30d175ffa18a083dd394f2354549b28.jpg,train,backboard;ball;rim,3,,,
1661_jpg.rf.cfe723745eb47ecc8cce9322913c29ca.jpg,train,backboard;ball;rim,3,,,
1662_jpg.rf.018ef709838d8ca13ecd4bda48d80d82.jpg,train,backboard;ball;rim,3,,,
1663_jpg.rf.71476d5d5f760442d5846e62ea36eef4.jpg,train,backboard;rim,2,,,
1664_jpg.rf.3043898f9108eaa26ddc9a24138c0239.jpg,train,backboard;rim,2,,,
1665_jpg.rf.6ee6f393d7983019156c516e8d0a1828.jpg,train,backboard;rim,2,,,
1669_jpg.rf.5e2cc41533db0138fc167728fa10f9b7.jpg,train,backboard;ball;rim,3,,,
1670_jpg.rf.626e33f6a03bd765afd4773d30e2b2c8.jpg,train,backboard;ball;rim,3,,,
1671_jpg.rf.a044bcca312365456d1b3ed379553373.jpg,train,backboard;ball;rim,3,,,
1672_jpg.rf.f9caeb4c0f3829016417163cc0f42b5f.jpg,train,ball;rim,2,,,
1673_jpg.rf.d264e2ebdf4c7c1f57cc38483a03123c.jpg,train,backboard;ball,2,,,
1674_jpg.rf.d7a2f8bc10f88f9f51e8e7ed5bffefdb.jpg,train,ball;rim,2,,,
1676_jpg.rf.c1bc657ceb77fd9cbf4a7758c99d57df.jpg,train,backboard;ball;rim,3,,,
1677_jpg.rf.c91e58122a3055ddbe1c904983d84413.jpg,train,backboard;ball;rim,3,,,
1679_jpg.rf.3735eccb008a656492809e9b7fc097e1.jpg,train,backboard;rim,2,,,
1680_jpg.rf.a26f17a2c6ef9f1d91a7ce0d000d8f79.jpg,train,backboard;rim,2,,,
1683_jpg.rf.5c49b13fefe8e8823e60e923f42d6c3f.jpg,train,backboard;rim,2,,,
1684_jpg.rf.4627e45429c615de2028aabb9e549195.jpg,train,backboard;rim,2,,,
1685_jpg.rf.29c94c947f2b06bfc5504b172f25c591.jpg,train,backboard;ball;rim,3,,,
1686_jpg.rf.3c6aa94ec1a6edf0d2e285ab5899d0b2.jpg,train,backboard;ball;rim,3,,,
1687_jpg.rf.622edc8e4f31374e1f1c89d01a12e3ef.jpg,train,backboard;ball;rim,3,,,
1688_jpg.rf.9a250e094a7d14f7db2fd1445dc9c2cd.jpg,train,backboard;ball;rim,3,,,
1689_jpg.rf.6f0a1fcefc668efb4618320207ce0944.jpg,train,backboard;ball;rim,3,,,
1690_jpg.rf.115712fb48815ef7b4ff7647da984cf4.jpg,train,backboard;ball;rim,3,,,
1691_jpg.rf.cbaf26a287cb907b0f54660e46d7e96d.jpg,train,backboard;ball;rim,3,,,
1692_jpg.rf.528e518b7b0b82a7664ee179f87cb447.jpg,train,backboard;ball;rim,3,,,
1693_jpg.rf.42f174ae3cdc6fdb9432d27b51743e64.jpg,train,backboard;ball;rim,3,,,
1694_jpg.rf.bd13b3c60e4a3933bd5b2f66be0f5ff3.jpg,train,backboard;ball;rim,3,,,
1695_jpg.rf.b60246ca7bcd12a03718b4a464c98fcb.jpg,train,backboard;ball;rim,3,,,
1696_jpg.rf.e10ec09e10bd2ba9fabf24f83a27f23a.jpg,train,backboard;ball;rim,3,,,
1698_jpg.rf.71bf1fe469d2bae645211bf7ac51066b.jpg,train,backboard;ball;rim,3,,,
1700_jpg.rf.6219e38628137284fc6302351a24fc1a.jpg,train,backboard;ball;rim,3,,,
1701_jpg.rf.e8ac5eb1874fe2dbdfab56dace972bf9.jpg,train,backboard;ball;rim,3,,,
1702_jpg.rf.c417c4552401513bd532a60632acc2f7.jpg,train,backboard;ball;rim,3,,,
1703_jpg.rf.9e762ce1f51199fce0d1052c7f5c912a.jpg,train,backboard;ball;rim,3,,,
1705_jpg.rf.1f55c5769e2fa904072e0bc12224251c.jpg,train,backboard;ball,2,,,
1707_jpg.rf.b1ba713a1ad34c29871fd9a72c0e91a3.jpg,train,backboard;ball;rim,3,,,
1708_jpg.rf.e01f0a8843a9068fcee114c23638307f.jpg,train,backboard;ball;rim,3,,,
1709_jpg.rf.d08851da80db988cc54cbea42b108853.jpg,train,backboard;ball;rim,3,,,
1710_jpg.rf.c0895a2b799a44da7933819104c493ab.jpg,train,ball;rim,2,,,
1536_jpg.rf.278b00a8297b03db0f2f8fee10a6fdbc.jpg,valid,backboard;ball;rim,3,,,
1544_jpg.rf.69f6f8889f75228f0892ef023468d8be.jpg,valid,ball;rim,2,,,
1557_jpg.rf.77f935fe316e9e16c3126401f01d3439.jpg,valid,ball;rim,2,,,
1578_jpg.rf.7d8c5e34fcc1887d714c2bba54c728a9.jpg,valid,backboard;ball;rim,3,,,
1602_jpg.rf.d9ca779743e9b4d89bb20ca8c4345ec9.jpg,valid,backboard;ball;rim,3,,,
1609_jpg.rf.9737c3a0d8426ff12fefa1822c82c36a.jpg,valid,backboard;rim,2,,,
1612_jpg.rf.a27ef05146a922a4b525cd67e2093536.jpg,valid,backboard;ball;rim,3,,,
1613_jpg.rf.13021fca54c24f9eba04c2319139b71a.jpg,valid,backboard;ball;rim,3,,,
1619_jpg.rf.c2496a7682781b888553af52e267b259.jpg,valid,backboard;ball;rim,3,,,
1624_jpg.rf.e775c69ad9de1266172f5dd04fdc2782.jpg,valid,backboard;ball;rim,3,,,
1660_jpg.rf.62cc45f7260f733ffc5164ef9c2b4fad.jpg,valid,backboard;ball;rim,3,,,
1666_jpg.rf.d4fab26afd69aac084083761ae89812a.jpg,valid,backboard;rim,2,,,
1667_jpg.rf.7ad55315f3b59d8455e2d32f182bdb5b.jpg,valid,backboard;rim,2,,,
1668_jpg.rf.0335b137dcde17d169f73f0a8dc2358b.jpg,valid,backboard;rim,2,,,
1675_jpg.rf.d287a54071adff948993092c1c3db5a3.jpg,valid,ball,1,,,
1678_jpg.rf.39e529fee835aa757cffb340e3f10d6b.jpg,valid,backboard;ball;rim,3,,,
1681_jpg.rf.41fcacf1e09b98a1f14f8c99879b4f86.jpg,valid,backboard;rim,2,,,
1704_jpg.rf.90ab49749458a25534e2a4a981c28473.jpg,valid,backboard;ball;rim,3,,,
1532_jpg.rf.8e2a8960951765c324dd963e895007ca.jpg,test,backboard;ball;rim,3,,,
1533_jpg.rf.f26c712279e75ac71cbbea49522676f0.jpg,test,ball;rim,3,,,
1540_jpg.rf.43991034ab43c6d54b6735460751210c.jpg,test,backboard;ball;rim,3,,,
1617_jpg.rf.e3247327cf5ebc97c45de6e94ba91310.jpg,test,backboard;ball;rim,3,,,
1633_jpg.rf.20f2e471bd143be93c434c61df2b2100.jpg,test,backboard;ball;rim,3,,,
1682_jpg.rf.323df2b77846bf551ef3d1dfc881a3d0.jpg,test,backboard;rim,2,,,
1697_jpg.rf.3869c48210e1ea7aeff7ec5fc1d5a793.jpg,test,backboard;ball;rim,3,,,
1699_jpg.rf.1259e04aaf552c3b49c55a17a2324caf.jpg,test,backboard;ball;rim,3,,,
1706_jpg.rf.efae84d67cb4f8c83d35dba8c16d6fa1.jpg,test,backboard;ball;rim,3,,,
